<DATE>,<CLOSE>
2010.11.17,18.53
2010.11.18,18.77
2010.11.19,18.81
2010.11.22,18.53
2010.11.23,17.77
2010.11.24,18.02
2010.11.25,18.12
2010.11.26,18.12
2010.11.29,18.26
2010.11.30,18.12
2010.12.01,18.6
2010.12.02,18.44
2010.12.03,17.95
2010.12.06,17.59
2010.12.07,17.55
2010.12.08,17.3
2010.12.09,17.07
2010.12.10,16.99
2010.12.13,17.17
2010.12.14,17.16
2010.12.15,17.1
2010.12.16,16.93
2010.12.17,16.86
2010.12.20,16.55
2010.12.21,16.82
2010.12.22,17.01
2010.12.23,17.22
2010.12.27,17.12
2010.12.28,17.09
2010.12.29,17.2
2010.12.30,17.44
2011.01.03,17.42
2011.01.04,17.5
2011.01.05,17.75
2011.01.06,17.59
2011.01.07,17.17
2011.01.10,17.2
2011.01.11,17.41
2011.01.12,17.71
2011.01.13,17.54
2011.01.14,17.63
2011.01.17,17.42
2011.01.18,17.51
2011.01.19,17.26
2011.01.20,17.14
2011.01.21,17.06
2011.01.24,17.22
2011.01.26,17.2
2011.01.27,17.2
2011.01.28,16.85
2011.01.31,16.51
2011.02.01,16.59
2011.02.02,16.41
2011.02.03,16.24
2011.02.04,15.59
2011.02.07,15.69
2011.02.08,15.98
2011.02.09,15.58
2011.02.10,15.67
2011.02.11,16.41
2011.02.14,16.52
2011.02.15,16.87
2011.02.16,17.44
2011.02.17,17.33
2011.02.18,17.28
2011.02.21,17.01
2011.02.22,16.46
2011.02.23,16.49
2011.02.24,16.44
2011.02.25,16.36
2011.02.28,16.69
2011.03.01,16.24
2011.03.02,16.37
2011.03.03,16.57
2011.03.04,16.62
2011.03.09,16.18
2011.03.10,15.71
2011.03.11,15.81
2011.03.14,15.99
2011.03.15,16.17
2011.03.16,15.79
2011.03.17,15.76
2011.03.18,15.99
2011.03.21,16.01
2011.03.22,16.27
2011.03.23,16.33
2011.03.24,16.24
2011.03.25,16.16
2011.03.28,16.06
2011.03.29,15.97
2011.03.30,16.32
2011.03.31,16.73
2011.04.01,16.97
2011.04.04,16.92
2011.04.05,16.83
2011.04.06,16.87
2011.04.07,16.84
2011.04.08,16.64
2011.04.11,16.41
2011.04.12,16.06
2011.04.13,16.12
2011.04.14,16.01
2011.04.15,15.77
2011.04.18,15.76
2011.04.19,15.93
2011.04.20,16.43
2011.04.25,16.41
2011.04.26,16.64
2011.04.27,16.64
2011.04.28,16.24
2011.04.29,16.41
2011.05.02,16.35
2011.05.03,15.9
2011.05.04,15.59
2011.05.05,15.64
2011.05.06,16.05
2011.05.09,16.12
2011.05.10,16.5
2011.05.11,16.44
2011.05.12,16.58
2011.05.13,16.09
2011.05.16,15.79
2011.05.17,15.85
2011.05.18,15.44
2011.05.19,15.42
2011.05.20,15.37
2011.05.23,15.45
2011.05.24,15.67
2011.05.25,15.52
2011.05.26,16.0
2011.05.27,16.16
2011.05.30,16.11
2011.05.31,15.97
2011.06.01,15.72
2011.06.02,15.6
2011.06.03,15.6
2011.06.06,15.56
2011.06.07,15.83
2011.06.08,15.8
2011.06.09,15.68
2011.06.10,15.43
2011.06.13,15.58
2011.06.14,15.74
2011.06.15,15.71
2011.06.16,15.4
2011.06.17,15.4
2011.06.20,15.52
2011.06.21,15.4
2011.06.22,15.67
2011.06.24,15.49
2011.06.27,15.42
2011.06.28,15.76
2011.06.29,15.99
2011.06.30,16.1
2011.07.01,16.17
2011.07.04,16.34
2011.07.05,16.26
2011.07.06,16.13
2011.07.07,15.69
2011.07.08,15.26
2011.07.11,14.83
2011.07.12,14.86
2011.07.13,15.21
2011.07.14,14.94
2011.07.15,14.81
2011.07.18,14.42
2011.07.19,14.75
2011.07.20,15.05
2011.07.21,15.42
2011.07.22,15.56
2011.07.25,15.22
2011.07.26,14.91
2011.07.27,14.57
2011.07.28,14.8
2011.07.29,15.11
2011.08.01,15.19
2011.08.02,14.69
2011.08.03,14.52
2011.08.04,13.8
2011.08.05,13.79
2011.08.08,13.01
2011.08.09,13.94
2011.08.10,13.68
2011.08.11,13.95
2011.08.12,14.03
2011.08.15,14.23
2011.08.16,14.37
2011.08.17,14.87
2011.08.18,14.49
2011.08.19,14.54
2011.08.22,14.48
2011.08.23,14.87
2011.08.24,14.92
2011.08.25,14.84
2011.08.26,14.75
2011.08.29,15.08
2011.08.30,15.19
2011.08.31,15.5
2011.09.01,16.44
2011.09.02,16.02
2011.09.05,15.47
2011.09.06,15.73
2011.09.08,16.08
2011.09.09,15.43
2011.09.12,15.14
2011.09.13,15.07
2011.09.14,15.1
2011.09.15,15.19
2011.09.16,15.43
2011.09.19,15.17
2011.09.20,14.9
2011.09.21,14.56
2011.09.22,14.17
2011.09.23,14.02
2011.09.26,14.18
2011.09.27,14.48
2011.09.28,14.43
2011.09.29,14.6
2011.09.30,14.57
2011.10.03,14.04
2011.10.04,13.82
2011.10.05,13.84
2011.10.06,13.9
2011.10.07,13.49
2011.10.10,14.18
2011.10.11,13.7
2011.10.13,13.81
2011.10.14,13.9
2011.10.17,13.75
2011.10.18,14.08
2011.10.19,14.13
2011.10.20,13.96
2011.10.21,14.25
2011.10.24,14.59
2011.10.25,14.21
2011.10.26,14.46
2011.10.27,15.19
2011.10.28,15.31
2011.10.31,15.19
2011.11.01,15.13
2011.11.03,14.8
2011.11.04,14.84
2011.11.07,14.95
2011.11.08,14.9
2011.11.09,14.5
2011.11.10,14.34
2011.11.11,14.35
2011.11.14,14.84
2011.11.16,14.87
2011.11.17,14.54
2011.11.18,14.31
2011.11.21,14.26
2011.11.22,14.03
2011.11.23,13.68
2011.11.24,13.73
2011.11.25,13.66
2011.11.28,13.92
2011.11.29,13.69
2011.11.30,14.27
2011.12.01,14.87
2011.12.02,14.67
2011.12.05,14.25
2011.12.06,14.39
2011.12.07,14.03
2011.12.08,13.96
2011.12.09,14.27
2011.12.12,13.88
2011.12.13,13.92
2011.12.14,13.74
2011.12.15,13.59
2011.12.16,13.39
2011.12.19,13.26
2011.12.20,13.51
2011.12.21,13.81
2011.12.22,14.22
2011.12.23,14.28
2011.12.26,14.26
2011.12.27,14.35
2011.12.28,14.01
2011.12.29,14.14
2012.01.02,14.5
2012.01.03,14.43
2012.01.04,14.36
2012.01.05,14.21
2012.01.06,13.85
2012.01.09,13.96
2012.01.10,14.26
2012.01.11,14.47
2012.01.12,14.6
2012.01.13,14.74
2012.01.16,14.74
2012.01.17,14.85
2012.01.18,15.37
2012.01.19,15.4
2012.01.20,15.58
2012.01.23,15.58
2012.01.24,15.52
2012.01.26,15.86
2012.01.27,16.14
2012.01.30,16.33
2012.01.31,16.23
2012.02.01,16.4
2012.02.02,16.35
2012.02.03,16.29
2012.02.06,16.2
2012.02.07,16.26
2012.02.08,16.35
2012.02.09,15.99
2012.02.10,15.56
2012.02.13,15.75
2012.02.14,16.39
2012.02.15,16.71
2012.02.16,17.16
2012.02.17,16.71
2012.02.22,16.81
2012.02.23,16.66
2012.02.24,16.42
2012.02.27,16.21
2012.02.28,16.55
2012.02.29,16.6
2012.03.01,16.85
2012.03.02,17.17
2012.03.05,17.2
2012.03.06,16.9
2012.03.07,17.14
2012.03.08,17.18
2012.03.09,17.24
2012.03.12,17.32
2012.03.13,17.77
2012.03.14,17.41
2012.03.15,17.17
2012.03.16,17.33
2012.03.19,17.25
2012.03.20,17.2
2012.03.21,16.9
2012.03.22,16.35
2012.03.23,16.22
2012.03.26,16.63
2012.03.27,16.58
2012.03.28,16.35
2012.03.29,16.0
2012.03.30,15.75
2012.04.02,15.69
2012.04.03,15.61
2012.04.04,14.69
2012.04.05,14.65
2012.04.09,14.62
2012.04.10,14.71
2012.04.11,14.92
2012.04.12,15.28
2012.04.13,14.87
2012.04.16,14.51
2012.04.17,14.19
2012.04.18,14.42
2012.04.19,14.46
2012.04.20,14.63
2012.04.23,14.43
2012.04.24,14.32
2012.04.25,13.98
2012.04.26,14.11
2012.04.27,14.29
2012.04.30,14.31
2012.05.02,13.92
2012.05.03,13.72
2012.05.04,13.75
2012.05.07,13.88
2012.05.08,13.91
2012.05.09,13.57
2012.05.10,13.55
2012.05.11,13.55
2012.05.14,12.97
2012.05.15,12.49
2012.05.16,12.42
2012.05.17,11.81
2012.05.18,12.27
2012.05.21,13.01
2012.05.22,13.04
2012.05.23,12.49
2012.05.24,12.55
2012.05.25,12.66
2012.05.28,12.55
2012.05.29,12.39
2012.05.30,12.13
2012.05.31,12.18
2012.06.01,12.15
2012.06.04,11.74
2012.06.05,11.45
2012.06.06,11.69
2012.06.08,11.7
2012.06.11,11.81
2012.06.12,11.81
2012.06.13,11.78
2012.06.14,11.57
2012.06.15,11.68
2012.06.18,12.14
2012.06.19,12.64
2012.06.20,12.59
2012.06.21,12.48
2012.06.22,12.28
2012.06.25,11.8
2012.06.26,11.52
2012.06.27,11.62
2012.06.28,11.59
2012.06.29,12.07
2012.07.02,12.14
2012.07.03,12.33
2012.07.04,12.33
2012.07.05,12.3
2012.07.06,12.01
2012.07.10,11.67
2012.07.11,11.47
2012.07.12,11.51
2012.07.13,11.62
2012.07.16,11.33
2012.07.17,11.25
2012.07.18,12.03
2012.07.19,12.3
2012.07.20,12.31
2012.07.23,12.08
2012.07.24,12.17
2012.07.25,11.89
2012.07.26,12.72
2012.07.27,13.37
2012.07.30,13.59
2012.07.31,13.47
2012.08.01,13.72
2012.08.02,13.65
2012.08.03,14.29
2012.08.06,14.73
2012.08.07,14.55
2012.08.08,14.76
2012.08.09,14.45
2012.08.10,14.94
2012.08.13,14.48
2012.08.14,13.88
2012.08.15,14.3
2012.08.16,14.55
2012.08.17,14.59
2012.08.20,14.44
2012.08.21,14.4
2012.08.22,14.57
2012.08.23,14.36
2012.08.24,14.3
2012.08.27,14.63
2012.08.28,14.95
2012.08.29,14.7
2012.08.30,14.53
2012.08.31,14.4
2012.09.03,14.6
2012.09.04,14.53
2012.09.05,15.04
2012.09.06,15.42
2012.09.10,15.57
2012.09.11,15.69
2012.09.12,16.03
2012.09.13,16.37
2012.09.14,16.66
2012.09.17,16.56
2012.09.18,16.31
2012.09.19,16.63
2012.09.20,16.78
2012.09.21,16.67
2012.09.24,16.61
2012.09.25,16.09
2012.09.26,16.19
2012.09.27,16.22
2012.09.28,15.59
2012.10.01,15.71
2012.10.02,15.78
2012.10.03,15.61
2012.10.04,15.41
2012.10.05,14.77
2012.10.08,14.33
2012.10.09,14.31
2012.10.10,14.11
2012.10.11,14.53
2012.10.15,14.52
2012.10.16,14.33
2012.10.17,14.48
2012.10.18,14.39
2012.10.19,14.27
2012.10.22,14.27
2012.10.23,13.83
2012.10.24,13.69
2012.10.25,13.95
2012.10.26,13.69
2012.10.29,13.76
2012.10.30,13.77
2012.10.31,13.62
2012.11.01,14.51
2012.11.05,14.11
2012.11.06,14.46
2012.11.07,14.11
2012.11.08,13.48
2012.11.09,13.17
2012.11.12,13.06
2012.11.13,13.32
2012.11.14,13.3
2012.11.16,13.21
2012.11.19,13.23
2012.11.21,13.27
2012.11.22,13.21
2012.11.23,13.58
2012.11.26,13.82
2012.11.27,13.84
2012.11.28,13.84
2012.11.29,14.08
2012.11.30,13.84
2012.12.03,13.94
2012.12.04,13.93
2012.12.05,14.19
2012.12.06,14.13
2012.12.07,14.43
2012.12.10,14.53
2012.12.11,14.53
2012.12.12,14.66
2012.12.13,14.44
2012.12.14,14.33
2012.12.17,14.26
2012.12.18,14.71
2012.12.19,15.49
2012.12.20,16.0
2012.12.21,16.13
2012.12.26,16.0
2012.12.27,16.04
2012.12.28,16.39
2013.01.02,16.52
2013.01.03,16.84
2013.01.04,16.64
2013.01.07,16.74
2013.01.08,16.93
2013.01.09,17.09
2013.01.10,16.84
2013.01.11,16.63
2013.01.14,17.24
2013.01.15,17.09
2013.01.16,17.2
2013.01.17,17.16
2013.01.18,16.77
2013.01.21,16.6
2013.01.22,16.41
2013.01.23,16.32
2013.01.24,16.26
2013.01.28,15.82
2013.01.29,16.02
2013.01.30,15.88
2013.01.31,15.62
2013.02.01,15.56
2013.02.04,15.27
2013.02.05,15.4
2013.02.06,15.32
2013.02.07,15.14
2013.02.08,15.25
2013.02.13,15.27
2013.02.14,15.24
2013.02.15,15.62
2013.02.18,15.42
2013.02.19,15.7
2013.02.20,15.56
2013.02.21,16.19
2013.02.22,16.47
2013.02.25,16.27
2013.02.26,16.25
2013.02.27,16.74
2013.02.28,16.86
2013.03.01,17.17
2013.03.04,17.15
2013.03.05,17.06
2013.03.06,17.24
2013.03.07,17.32
2013.03.08,17.64
2013.03.11,17.57
2013.03.12,17.37
2013.03.13,17.19
2013.03.14,17.26
2013.03.15,17.21
2013.03.18,16.98
2013.03.19,17.23
2013.03.20,17.52
2013.03.21,17.51
2013.03.22,17.38
2013.03.25,17.27
2013.03.26,17.41
2013.03.27,17.57
2013.03.28,17.93
2013.04.01,18.05
2013.04.02,18.06
2013.04.03,17.67
2013.04.04,17.27
2013.04.05,17.36
2013.04.08,17.65
2013.04.09,18.02
2013.04.10,18.41
2013.04.11,18.5
2013.04.12,18.52
2013.04.15,18.19
2013.04.16,18.39
2013.04.17,18.03
2013.04.18,17.53
2013.04.19,17.38
2013.04.22,17.35
2013.04.23,17.49
2013.04.24,17.11
2013.04.25,16.81
2013.04.26,16.46
2013.04.29,16.31
2013.04.30,16.42
2013.05.02,16.3
2013.05.03,16.19
2013.05.06,15.92
2013.05.07,16.6
2013.05.08,16.63
2013.05.09,16.51
2013.05.10,16.61
2013.05.13,16.42
2013.05.14,16.5
2013.05.15,16.12
2013.05.16,16.44
2013.05.17,16.93
2013.05.20,17.36
2013.05.21,17.21
2013.05.22,17.49
2013.05.23,17.47
2013.05.24,17.5
2013.05.27,17.58
2013.05.28,17.57
2013.05.29,16.96
2013.05.31,16.65
2013.06.03,16.74
2013.06.04,16.42
2013.06.05,16.03
2013.06.06,15.97
2013.06.07,15.54
2013.06.10,15.7
2013.06.11,15.31
2013.06.12,14.83
2013.06.13,15.14
2013.06.14,15.22
2013.06.17,15.26
2013.06.18,15.0
2013.06.19,14.53
2013.06.20,14.04
2013.06.21,14.02
2013.06.24,13.99
2013.06.25,14.11
2013.06.26,14.14
2013.06.27,14.29
2013.06.28,14.69
2013.07.01,14.71
2013.07.02,13.88
2013.07.03,13.48
2013.07.04,13.68
2013.07.05,13.57
2013.07.08,13.55
2013.07.10,13.64
2013.07.11,14.04
2013.07.12,13.94
2013.07.15,14.33
2013.07.16,14.74
2013.07.17,14.87
2013.07.18,15.0
2013.07.19,14.8
2013.07.22,15.11
2013.07.23,15.3
2013.07.24,15.18
2013.07.25,15.0
2013.07.26,14.93
2013.07.29,15.06
2013.07.30,15.23
2013.07.31,15.05
2013.08.01,15.37
2013.08.02,15.14
2013.08.05,14.75
2013.08.06,14.22
2013.08.07,14.15
2013.08.08,14.68
2013.08.09,15.0
2013.08.12,15.24
2013.08.13,15.5
2013.08.14,15.58
2013.08.15,15.4
2013.08.16,15.37
2013.08.19,14.95
2013.08.20,14.8
2013.08.21,14.59
2013.08.22,15.09
2013.08.23,15.29
2013.08.26,14.99
2013.08.27,14.99
2013.08.28,15.19
2013.08.29,15.53
2013.08.30,15.81
2013.09.02,15.98
2013.09.03,15.83
2013.09.04,15.96
2013.09.05,16.2
2013.09.06,16.33
2013.09.09,16.66
2013.09.10,16.95
2013.09.11,16.85
2013.09.12,16.57
2013.09.13,16.72
2013.09.16,16.82
2013.09.17,17.09
2013.09.18,17.66
2013.09.19,17.83
2013.09.20,17.76
2013.09.23,18.27
2013.09.24,18.07
2013.09.25,17.94
2013.09.26,17.9
2013.09.27,18.41
2013.09.30,18.01
2013.10.01,18.17
2013.10.02,18.21
2013.10.03,18.22
2013.10.04,18.26
2013.10.07,18.33
2013.10.08,18.13
2013.10.09,18.45
2013.10.10,18.67
2013.10.11,18.59
2013.10.14,18.85
2013.10.15,18.84
2013.10.16,19.26
2013.10.17,19.35
2013.10.18,19.75
2013.10.21,19.57
2013.10.22,19.61
2013.10.23,19.5
2013.10.24,19.74
2013.10.25,19.97
2013.10.28,19.89
2013.10.29,19.96
2013.10.30,20.38
2013.10.31,20.72
2013.11.01,20.69
2013.11.04,20.82
2013.11.05,20.52
2013.11.06,20.01
2013.11.07,19.92
2013.11.08,19.39
2013.11.11,19.57
2013.11.12,18.53
2013.11.13,18.41
2013.11.14,18.72
2013.11.18,18.82
2013.11.19,18.18
2013.11.21,17.81
2013.11.22,17.22
2013.11.25,16.77
2013.11.26,17.29
2013.11.27,17.74
2013.11.28,17.79
2013.11.29,17.97
2013.12.02,17.4
2013.12.03,17.04
2013.12.04,16.7
2013.12.05,17.32
2013.12.06,17.35
2013.12.09,17.44
2013.12.10,17.18
2013.12.11,16.72
2013.12.12,16.85
2013.12.13,17.06
2013.12.16,17.01
2013.12.17,17.03
2013.12.18,17.13
2013.12.19,17.27
2013.12.20,17.34
2013.12.23,17.35
2013.12.26,17.3
2013.12.27,17.18
2013.12.30,17.27
2014.01.02,16.98
2014.01.03,17.11
2014.01.06,16.91
2014.01.07,16.62
2014.01.08,16.28
2014.01.09,15.68
2014.01.10,16.24
2014.01.13,16.06
2014.01.14,16.57
2014.01.15,16.4
2014.01.16,16.28
2014.01.17,15.85
2014.01.20,15.78
2014.01.21,15.85
2014.01.22,15.89
2014.01.23,15.22
2014.01.24,14.98
2014.01.27,15.17
2014.01.28,15.0
2014.01.29,14.33
2014.01.30,14.22
2014.01.31,14.78
2014.02.03,14.24
2014.02.04,14.71
2014.02.05,14.61
2014.02.06,15.29
2014.02.07,15.21
2014.02.10,15.62
2014.02.11,15.46
2014.02.12,15.5
2014.02.13,14.73
2014.02.14,14.59
2014.02.17,14.59
2014.02.18,14.17
2014.02.19,14.0
2014.02.20,14.57
2014.02.21,14.41
2014.02.24,14.05
2014.02.25,14.1
2014.02.26,13.89
2014.02.27,14.46
2014.02.28,14.75
2014.03.05,14.75
2014.03.06,14.43
2014.03.07,14.17
2014.03.10,14.04
2014.03.11,13.92
2014.03.12,13.94
2014.03.13,13.86
2014.03.14,13.65
2014.03.17,13.55
2014.03.18,13.73
2014.03.19,14.36
2014.03.20,15.14
2014.03.21,14.97
2014.03.24,15.06
2014.03.25,15.1
2014.03.26,15.29
2014.03.27,16.3
2014.03.28,16.09
2014.03.31,16.51
2014.04.01,16.5
2014.04.02,17.19
2014.04.03,16.92
2014.04.04,17.07
2014.04.07,18.04
2014.04.08,17.52
2014.04.09,16.96
2014.04.10,16.99
2014.04.11,17.26
2014.04.14,17.0
2014.04.15,16.78
2014.04.16,16.74
2014.04.17,17.46
2014.04.22,17.57
2014.04.23,17.28
2014.04.24,17.15
2014.04.25,16.89
2014.04.28,16.99
2014.04.29,17.31
2014.04.30,16.96
2014.05.02,17.28
2014.05.05,17.62
2014.05.06,17.89
2014.05.07,18.12
2014.05.08,17.34
2014.05.09,17.08
2014.05.12,17.22
2014.05.13,17.32
2014.05.14,17.39
2014.05.15,17.38
2014.05.16,17.42
2014.05.19,17.3
2014.05.20,17.25
2014.05.21,16.0
2014.05.22,16.57
2014.05.23,16.29
2014.05.26,16.32
2014.05.27,16.42
2014.05.28,16.97
2014.05.29,16.87
2014.05.30,16.56
2014.06.02,16.61
2014.06.03,16.83
2014.06.04,16.79
2014.06.05,16.85
2014.06.06,17.74
2014.06.09,18.26
2014.06.10,18.8
2014.06.11,19.2
2014.06.13,19.41
2014.06.16,19.57
2014.06.17,19.25
2014.06.18,19.05
2014.06.20,18.86
2014.06.23,18.71
2014.06.24,18.99
2014.06.25,18.75
2014.06.26,18.64
2014.06.27,18.54
2014.06.30,18.3
2014.07.01,18.36
2014.07.02,18.05
2014.07.03,18.15
2014.07.04,18.12
2014.07.07,18.31
2014.07.08,18.6
2014.07.10,19.34
2014.07.11,19.35
2014.07.14,19.86
2014.07.15,19.99
2014.07.16,20.14
2014.07.17,20.25
2014.07.18,20.79
2014.07.21,21.26
2014.07.22,21.41
2014.07.23,21.58
2014.07.24,21.8
2014.07.25,21.57
2014.07.28,21.43
2014.07.29,21.1
2014.07.30,20.96
2014.07.31,20.41
2014.08.01,20.1
2014.08.04,20.31
2014.08.05,20.51
2014.08.06,20.76
2014.08.07,20.59
2014.08.08,19.99
2014.08.11,20.41
2014.08.12,20.31
2014.08.13,20.36
2014.08.14,21.1
2014.08.15,21.5
2014.08.18,21.52
2014.08.19,22.02
2014.08.20,22.35
2014.08.21,22.42
2014.08.22,22.32
2014.08.25,23.06
2014.08.26,23.2
2014.08.27,24.29
2014.08.28,24.55
2014.08.29,25.83
2014.09.01,26.16
2014.09.02,27.65
2014.09.03,27.24
2014.09.04,25.67
2014.09.05,25.25
2014.09.08,23.98
2014.09.09,23.88
2014.09.10,23.51
2014.09.11,23.67
2014.09.12,23.06
2014.09.15,23.69
2014.09.16,24.73
2014.09.17,24.73
2014.09.18,24.34
2014.09.19,23.89
2014.09.22,22.76
2014.09.23,22.45
2014.09.24,22.35
2014.09.25,21.54
2014.09.26,22.22
2014.09.29,20.32
2014.09.30,18.85
2014.10.01,19.14
2014.10.02,18.96
2014.10.03,19.38
2014.10.06,21.68
2014.10.07,22.53
2014.10.08,22.67
2014.10.09,23.54
2014.10.10,22.5
2014.10.13,24.94
2014.10.14,24.79
2014.10.15,23.84
2014.10.16,23.21
2014.10.17,23.83
2014.10.20,22.45
2014.10.21,20.93
2014.10.22,20.45
2014.10.23,18.59
2014.10.24,19.18
2014.10.27,18.18
2014.10.28,19.48
2014.10.29,18.97
2014.10.30,20.3
2014.10.31,20.66
2014.11.03,20.39
2014.11.04,21.42
2014.11.05,19.72
2014.11.06,18.88
2014.11.07,19.36
2014.11.10,18.62
2014.11.11,18.36
2014.11.12,18.85
2014.11.13,18.56
2014.11.14,18.28
2014.11.17,18.73
2014.11.18,19.41
2014.11.19,20.56
2014.11.21,22.27
2014.11.24,21.5
2014.11.25,21.81
2014.11.26,21.54
2014.11.27,21.76
2014.11.28,22.14
2014.12.01,20.67
2014.12.02,20.03
2014.12.03,20.16
2014.12.04,19.89
2014.12.05,20.33
2014.12.08,19.27
2014.12.09,18.79
2014.12.10,17.87
2014.12.11,18.63
2014.12.12,17.55
2014.12.15,16.71
2014.12.16,16.24
2014.12.17,17.51
2014.12.18,17.6
2014.12.19,18.4
2014.12.22,18.56
2014.12.23,18.5
2014.12.26,18.55
2014.12.29,18.36
2014.12.30,17.96
2015.01.02,17.11
2015.01.05,16.76
2015.01.06,16.99
2015.01.07,17.74
2015.01.08,17.8
2015.01.09,17.03
2015.01.12,16.74
2015.01.13,16.64
2015.01.14,16.76
2015.01.15,16.65
2015.01.16,16.85
2015.01.19,16.77
2015.01.20,16.7
2015.01.21,17.12
2015.01.22,17.26
2015.01.23,17.22
2015.01.26,17.02
2015.01.27,17.38
2015.01.28,16.63
2015.01.29,16.28
2015.01.30,15.61
2015.02.02,15.26
2015.02.03,15.75
2015.02.04,16.85
2015.02.05,17.22
2015.02.06,16.55
2015.02.09,16.97
2015.02.10,16.4
2015.02.11,16.58
2015.02.12,17.46
2015.02.13,18.59
2015.02.18,18.1
2015.02.19,18.4
2015.02.20,18.19
2015.02.23,18.12
2015.02.24,17.94
2015.02.25,17.57
2015.02.26,17.46
2015.02.27,18.0
2015.03.02,17.96
2015.03.03,17.93
2015.03.04,17.03
2015.03.05,17.1
2015.03.06,16.69
2015.03.09,16.04
2015.03.10,16.14
2015.03.11,16.4
2015.03.12,16.62
2015.03.13,16.21
2015.03.16,16.21
2015.03.17,17.03
2015.03.18,18.24
2015.03.19,17.43
2015.03.20,18.16
2015.03.23,18.18
2015.03.24,18.1
2015.03.25,17.69
2015.03.26,17.0
2015.03.27,17.05
2015.03.30,17.56
2015.03.31,17.63
2015.04.01,18.29
2015.04.02,18.93
2015.04.06,19.6
2015.04.07,18.99
2015.04.08,18.73
2015.04.09,18.05
2015.04.10,18.7
2015.04.13,18.66
2015.04.14,18.52
2015.04.15,19.26
2015.04.16,19.84
2015.04.17,18.89
2015.04.20,18.8
2015.04.22,19.56
2015.04.23,20.23
2015.04.24,20.92
2015.04.27,20.31
2015.04.28,20.39
2015.04.29,20.0
2015.04.30,20.48
2015.05.04,20.34
2015.05.05,20.9
2015.05.06,20.86
2015.05.07,21.43
2015.05.08,21.54
2015.05.11,21.59
2015.05.12,21.17
2015.05.13,20.77
2015.05.14,19.97
2015.05.15,20.17
2015.05.18,20.03
2015.05.19,19.44
2015.05.20,19.26
2015.05.21,18.95
2015.05.22,18.31
2015.05.25,18.97
2015.05.26,18.46
2015.05.27,18.77
2015.05.28,18.35
2015.05.29,17.83
2015.06.01,17.94
2015.06.02,18.39
2015.06.03,17.72
2015.06.05,17.51
2015.06.08,17.43
2015.06.09,17.66
2015.06.10,18.2
2015.06.11,18.09
2015.06.12,17.84
2015.06.15,17.81
2015.06.16,18.4
2015.06.17,17.88
2015.06.18,18.46
2015.06.19,18.33
2015.06.22,18.68
2015.06.23,18.57
2015.06.24,18.93
2015.06.25,18.69
2015.06.26,19.42
2015.06.29,18.87
2015.06.30,19.25
2015.07.01,19.0
2015.07.02,18.95
2015.07.03,18.76
2015.07.06,18.91
2015.07.07,18.57
2015.07.08,18.36
2015.07.10,18.84
2015.07.13,18.95
2015.07.14,18.97
2015.07.15,18.97
2015.07.16,18.35
2015.07.17,17.92
2015.07.20,17.46
2015.07.21,17.44
2015.07.22,16.6
2015.07.23,16.34
2015.07.24,16.18
2015.07.27,16.67
2015.07.28,16.65
2015.07.29,17.38
2015.07.30,17.08
2015.07.31,17.48
2015.08.03,17.63
2015.08.04,17.0
2015.08.05,17.2
2015.08.06,16.73
2015.08.07,16.24
2015.08.10,16.66
2015.08.11,16.87
2015.08.12,16.12
2015.08.13,15.42
2015.08.14,15.3
2015.08.17,15.05
2015.08.18,15.55
2015.08.19,14.59
2015.08.20,14.75
2015.08.21,14.71
2015.08.24,14.31
2015.08.25,14.13
2015.08.26,14.83
2015.08.27,15.35
2015.08.28,14.99
2015.08.31,14.23
2015.09.01,13.87
2015.09.02,13.89
2015.09.03,14.23
2015.09.04,13.6
2015.09.08,13.65
2015.09.09,13.69
2015.09.10,13.45
2015.09.11,13.09
2015.09.14,13.83
2015.09.15,14.33
2015.09.16,14.76
2015.09.17,14.44
2015.09.18,13.63
2015.09.21,13.19
2015.09.22,13.18
2015.09.23,12.71
2015.09.24,12.74
2015.09.25,12.35
2015.09.28,11.73
2015.09.29,11.6
2015.09.30,12.31
2015.10.01,12.07
2015.10.02,12.89
2015.10.05,13.08
2015.10.06,13.38
2015.10.07,14.52
2015.10.08,14.31
2015.10.09,14.99
2015.10.13,13.74
2015.10.14,13.61
2015.10.15,13.42
2015.10.16,13.18
2015.10.19,13.76
2015.10.20,13.32
2015.10.21,13.48
2015.10.22,13.68
2015.10.23,13.5
2015.10.26,13.23
2015.10.27,13.41
2015.10.28,13.18
2015.10.29,12.55
2015.10.30,12.93
2015.11.03,14.07
2015.11.04,14.13
2015.11.05,14.82
2015.11.06,14.09
2015.11.09,13.75
2015.11.10,13.87
2015.11.11,13.97
2015.11.12,13.93
2015.11.13,13.82
2015.11.16,14.01
2015.11.17,14.26
2015.11.18,14.36
2015.11.19,15.17
2015.11.23,15.04
2015.11.24,15.18
2015.11.25,14.2
2015.11.26,14.57
2015.11.27,14.11
2015.11.30,13.3
2015.12.01,13.3
2015.12.02,13.4
2015.12.03,14.53
2015.12.04,14.14
2015.12.07,14.08
2015.12.08,13.94
2015.12.09,15.34
2015.12.10,14.69
2015.12.11,14.41
2015.12.14,13.77
2015.12.15,13.87
2015.12.16,13.65
2015.12.17,13.56
2015.12.18,13.2
2015.12.21,12.34
2015.12.22,12.41
2015.12.23,12.29
2015.12.28,12.4
2015.12.29,12.25
2015.12.30,12.2
2016.01.04,11.78
2016.01.05,11.82
2016.01.06,11.82
2016.01.07,11.54
2016.01.08,11.54
2016.01.11,11.21
2016.01.12,10.82
2016.01.13,10.62
2016.01.14,11.22
2016.01.15,10.79
2016.01.18,10.72
2016.01.19,10.62
2016.01.20,10.53
2016.01.21,10.52
2016.01.22,10.76
2016.01.26,10.67
2016.01.27,10.51
2016.01.28,10.74
2016.01.29,11.46
2016.02.01,11.72
2016.02.02,10.84
2016.02.03,10.98
2016.02.04,11.42
2016.02.05,11.33
2016.02.10,11.33
2016.02.11,10.81
2016.02.12,10.76
2016.02.15,10.87
2016.02.16,11.09
2016.02.17,11.05
2016.02.18,10.65
2016.02.19,10.77
2016.02.22,11.26
2016.02.23,11.19
2016.02.24,10.81
2016.02.25,10.86
2016.02.26,10.92
2016.02.29,11.2
2016.03.01,11.85
2016.03.02,12.22
2016.03.03,13.82
2016.03.04,15.18
2016.03.07,15.19
2016.03.08,16.85
2016.03.09,16.89
2016.03.10,17.89
2016.03.11,19.01
2016.03.14,18.54
2016.03.15,14.62
2016.03.16,15.11
2016.03.17,17.28
2016.03.18,17.0
2016.03.21,17.29
2016.03.22,17.04
2016.03.23,16.4
2016.03.24,15.86
2016.03.28,16.79
2016.03.29,17.29
2016.03.30,16.93
2016.03.31,16.51
2016.04.01,16.51
2016.04.04,15.58
2016.04.05,15.33
2016.04.06,15.18
2016.04.07,15.65
2016.04.08,17.46
2016.04.11,17.99
2016.04.12,18.46
2016.04.13,18.65
2016.04.14,18.32
2016.04.15,18.96
2016.04.18,18.44
2016.04.19,18.36
2016.04.20,18.23
2016.04.22,17.76
2016.04.25,17.37
2016.04.26,18.17
2016.04.27,18.63
2016.04.28,18.17
2016.04.29,18.47
2016.05.02,18.0
2016.05.03,17.07
2016.05.04,17.44
2016.05.05,17.14
2016.05.06,17.28
2016.05.09,16.91
2016.05.10,17.92
2016.05.11,17.1
2016.05.12,16.62
2016.05.13,16.17
2016.05.16,15.92
2016.05.17,15.15
2016.05.18,15.17
2016.05.19,14.81
2016.05.20,14.46
2016.05.23,14.2
2016.05.24,13.44
2016.05.25,13.84
2016.05.27,13.57
2016.05.30,13.8
2016.05.31,13.85
2016.06.01,13.94
2016.06.02,14.22
2016.06.03,14.55
2016.06.06,14.4
2016.06.07,14.23
2016.06.08,14.68
2016.06.09,14.64
2016.06.10,13.92
2016.06.13,14.04
2016.06.14,13.65
2016.06.15,13.64
2016.06.16,13.72
2016.06.17,13.56
2016.06.20,14.06
2016.06.21,13.43
2016.06.22,13.39
2016.06.23,13.74
2016.06.24,13.46
2016.06.27,13.25
2016.06.28,13.58
2016.06.29,13.97
2016.06.30,14.56
2016.07.01,14.45
2016.07.04,14.52
2016.07.05,14.41
2016.07.06,14.37
2016.07.07,14.19
2016.07.08,14.6
2016.07.11,15.27
2016.07.12,15.07
2016.07.13,15.29
2016.07.14,16.11
2016.07.15,16.32
2016.07.18,16.91
2016.07.19,17.74
2016.07.20,18.09
2016.07.21,17.75
2016.07.22,17.46
2016.07.25,18.05
2016.07.26,18.17
2016.07.27,18.2
2016.07.28,17.51
2016.07.29,17.84
2016.08.01,17.53
2016.08.02,17.12
2016.08.03,17.39
2016.08.04,17.85
2016.08.05,17.98
2016.08.08,17.94
2016.08.09,18.13
2016.08.10,17.68
2016.08.11,18.68
2016.08.12,19.21
2016.08.15,19.64
2016.08.16,19.18
2016.08.17,19.29
2016.08.18,19.26
2016.08.19,19.66
2016.08.22,18.9
2016.08.23,19.24
2016.08.24,19.04
2016.08.25,19.12
2016.08.26,19.51
2016.08.29,20.29
2016.08.30,20.22
2016.08.31,19.77
2016.09.01,19.47
2016.09.02,20.21
2016.09.05,20.01
2016.09.06,20.46
2016.09.08,20.56
2016.09.09,19.46
2016.09.12,19.55
2016.09.13,18.84
2016.09.14,18.77
2016.09.15,19.1
2016.09.16,18.77
2016.09.19,18.84
2016.09.20,19.35
2016.09.21,19.98
2016.09.22,20.07
2016.09.23,19.64
2016.09.26,19.42
2016.09.27,19.58
2016.09.28,19.95
2016.09.29,19.37
2016.09.30,19.52
2016.10.03,19.98
2016.10.04,20.03
2016.10.05,20.48
2016.10.06,21.13
2016.10.07,21.64
2016.10.10,21.78
2016.10.11,21.29
2016.10.13,21.66
2016.10.14,22.22
2016.10.17,23.52
2016.10.18,24.01
2016.10.19,23.57
2016.10.20,24.05
2016.10.21,24.35
2016.10.24,24.16
2016.10.25,23.58
2016.10.26,23.4
2016.10.27,24.6
2016.10.28,24.22
2016.10.31,25.07
2016.11.01,23.92
2016.11.03,22.78
2016.11.04,23.01
2016.11.07,24.25
2016.11.08,24.21
2016.11.09,23.35
2016.11.10,21.85
2016.11.11,20.34
2016.11.14,20.9
2016.11.16,22.26
2016.11.17,21.84
2016.11.18,22.49
2016.11.21,24.25
2016.11.22,24.55
2016.11.23,24.44
2016.11.24,23.78
2016.11.25,23.73
2016.11.28,24.82
2016.11.29,23.92
2016.11.30,24.48
2016.12.01,22.86
2016.12.02,23.34
2016.12.05,22.89
2016.12.06,22.92
2016.12.07,23.19
2016.12.08,23.02
2016.12.09,23.22
2016.12.12,22.12
2016.12.13,22.31
2016.12.14,21.77
2016.12.15,22.61
2016.12.16,22.75
2016.12.19,22.25
2016.12.20,22.61
2016.12.21,22.61
2016.12.22,22.39
2016.12.23,23.03
2016.12.26,23.39
2016.12.27,23.55
2016.12.28,23.85
2016.12.29,24.19
2017.01.02,23.72
2017.01.03,24.8
2017.01.04,24.67
2017.01.05,24.61
2017.01.06,24.88
2017.01.09,23.94
2017.01.10,24.27
2017.01.11,24.53
2017.01.12,25.15
2017.01.13,24.49
2017.01.16,24.51
2017.01.17,24.91
2017.01.18,24.7
2017.01.19,24.73
2017.01.20,25.28
2017.01.23,26.42
2017.01.24,25.92
2017.01.26,27.56
2017.01.27,27.03
2017.01.30,26.28
2017.01.31,26.79
2017.02.01,26.92
2017.02.02,26.67
2017.02.03,26.6
2017.02.06,25.94
2017.02.07,26.18
2017.02.08,26.46
2017.02.09,26.37
2017.02.10,26.85
2017.02.13,27.03
2017.02.14,27.11
2017.02.15,27.44
2017.02.16,28.33
2017.02.17,28.34
2017.02.20,28.8
2017.02.21,29.28
2017.02.22,29.36
2017.02.23,28.72
2017.02.24,28.51
2017.03.01,28.94
2017.03.02,28.67
2017.03.03,30.07
2017.03.06,30.31
2017.03.07,29.94
2017.03.08,29.23
2017.03.09,28.93
2017.03.10,29.04
2017.03.13,29.35
2017.03.14,29.29
2017.03.15,29.53
2017.03.16,29.14
2017.03.17,28.34
2017.03.20,28.29
2017.03.21,27.62
2017.03.22,28.55
2017.03.23,28.55
2017.03.24,28.68
2017.03.27,28.77
2017.03.28,28.59
2017.03.29,29.63
2017.03.30,29.43
2017.03.31,29.17
2017.04.03,29.26
2017.04.04,29.37
2017.04.05,28.87
2017.04.06,28.2
2017.04.07,28.07
2017.04.10,28.32
2017.04.11,28.35
2017.04.12,27.88
2017.04.13,26.43
2017.04.17,27.66
2017.04.18,27.93
2017.04.19,26.91
2017.04.20,27.12
2017.04.24,27.9
2017.04.25,28.07
2017.04.26,27.74
2017.04.27,28.13
2017.04.28,28.38
2017.05.02,29.27
2017.05.03,29.18
2017.05.04,27.95
2017.05.05,28.6
2017.05.08,27.88
2017.05.09,27.99
2017.05.10,28.81
2017.05.11,29.71
2017.05.12,30.57
2017.05.15,30.02
2017.05.16,30.02
2017.05.17,29.21
2017.05.18,23.39
2017.05.19,24.17
2017.05.22,23.05
2017.05.23,23.57
2017.05.24,23.99
2017.05.25,24.08
2017.05.26,25.08
2017.05.29,24.91
2017.05.30,25.2
2017.05.31,24.63
2017.06.01,24.37
2017.06.02,24.4
2017.06.05,23.99
2017.06.06,24.67
2017.06.07,24.97
2017.06.08,24.59
2017.06.09,24.19
2017.06.12,23.62
2017.06.13,23.87
2017.06.14,23.86
2017.06.16,23.95
2017.06.19,23.64
2017.06.20,22.65
2017.06.21,22.53
2017.06.22,22.65
2017.06.23,22.2
2017.06.26,23.5
2017.06.27,22.74
2017.06.28,22.99
2017.06.29,23.14
2017.06.30,23.35
2017.07.03,23.67
2017.07.04,23.79
2017.07.05,23.67
2017.07.06,23.51
2017.07.07,23.2
2017.07.10,23.44
2017.07.11,24.43
2017.07.12,25.13
2017.07.13,25.35
2017.07.14,25.62
2017.07.17,25.49
2017.07.18,25.51
2017.07.19,25.6
2017.07.20,25.82
2017.07.21,25.62
2017.07.24,25.33
2017.07.25,25.75
2017.07.26,25.13
2017.07.27,24.91
2017.07.28,24.88
2017.07.31,25.0
2017.08.01,25.53
2017.08.02,26.55
2017.08.03,26.73
2017.08.04,26.89
2017.08.07,27.31
2017.08.08,27.31
2017.08.09,26.81
2017.08.10,26.94
2017.08.11,26.92
2017.08.14,27.09
2017.08.15,26.96
2017.08.16,26.74
2017.08.17,26.27
2017.08.18,26.5
2017.08.21,26.85
2017.08.22,28.03
2017.08.23,28.05
2017.08.24,28.15
2017.08.25,28.04
2017.08.28,27.78
2017.08.29,27.59
2017.08.30,27.31
2017.08.31,26.9
2017.09.01,27.95
2017.09.04,27.9
2017.09.05,28.04
2017.09.06,28.71
2017.09.08,28.62
2017.09.11,29.65
2017.09.12,29.31
2017.09.13,29.49
2017.09.14,29.52
2017.09.15,29.95
2017.09.18,30.36
2017.09.19,30.32
2017.09.20,30.52
2017.09.21,31.19
2017.09.22,30.99
2017.09.25,30.55
2017.09.26,30.73
2017.09.27,30.57
2017.09.28,30.32
2017.09.29,30.64
2017.10.02,30.68
2017.10.03,31.93
2017.10.04,31.78
2017.10.05,32.3
2017.10.06,32.48
2017.10.09,32.12
2017.10.10,32.81
2017.10.11,32.84
2017.10.13,32.85
2017.10.16,32.92
2017.10.17,32.98
2017.10.18,32.86
2017.10.19,32.64
2017.10.20,32.93
2017.10.23,31.78
2017.10.24,32.07
2017.10.25,32.59
2017.10.26,32.19
2017.10.27,32.05
2017.10.30,30.91
2017.10.31,30.24
2017.11.01,29.85
2017.11.03,29.32
2017.11.06,29.08
2017.11.07,27.62
2017.11.08,29.07
2017.11.09,28.32
2017.11.10,27.48
2017.11.13,27.52
2017.11.14,26.87
2017.11.16,28.14
2017.11.17,28.61
2017.11.21,29.1
2017.11.22,28.91
2017.11.23,28.94
2017.11.24,28.79
2017.11.27,28.4
2017.11.28,28.82
2017.11.29,27.51
2017.11.30,26.43
2017.12.01,27.18
2017.12.04,27.84
2017.12.05,27.43
2017.12.06,28.26
2017.12.07,27.17
2017.12.08,27.33
2017.12.11,27.11
2017.12.12,27.7
2017.12.13,27.04
2017.12.14,26.93
2017.12.15,27.08
2017.12.18,27.44
2017.12.19,27.29
2017.12.20,27.3
2017.12.21,27.6
2017.12.22,27.7
2017.12.26,28.0
2017.12.27,28.35
2017.12.28,28.16
2018.01.02,29.14
2018.01.03,29.52
2018.01.04,29.8
2018.01.05,29.8
2018.01.08,29.87
2018.01.09,29.59
2018.01.10,29.46
2018.01.11,30.14
2018.01.12,30.21
2018.01.15,30.36
2018.01.16,30.62
2018.01.17,31.35
2018.01.18,31.14
2018.01.19,30.93
2018.01.22,31.04
2018.01.23,31.15
2018.01.24,33.62
2018.01.26,34.67
2018.01.29,34.47
2018.01.30,34.34
2018.01.31,35.12
2018.02.01,35.22
2018.02.02,34.74
2018.02.05,33.7
2018.02.06,35.18
2018.02.07,35.22
2018.02.08,34.11
2018.02.09,33.47
2018.02.14,35.01
2018.02.15,35.31
2018.02.16,35.67
2018.02.19,35.07
2018.02.20,36.11
2018.02.21,36.39
2018.02.22,37.53
2018.02.23,37.53
2018.02.26,38.07
2018.02.27,37.7
2018.02.28,36.99
2018.03.01,37.26
2018.03.02,37.53
2018.03.05,37.84
2018.03.06,38.68
2018.03.07,38.41
2018.03.08,38.62
2018.03.09,38.88
2018.03.12,38.67
2018.03.13,38.17
2018.03.14,37.84
2018.03.15,37.76
2018.03.16,37.77
2018.03.19,36.88
2018.03.20,37.02
2018.03.21,37.64
2018.03.22,36.96
2018.03.23,36.7
2018.03.26,36.95
2018.03.27,36.03
2018.03.28,35.92
2018.03.29,36.55
2018.04.02,35.86
2018.04.03,35.38
2018.04.04,35.68
2018.04.05,36.72
2018.04.06,36.24
2018.04.09,34.92
2018.04.10,34.5
2018.04.11,34.79
2018.04.12,34.7
2018.04.13,33.53
2018.04.16,32.34
2018.04.17,33.11
2018.04.18,33.87
2018.04.19,33.89
2018.04.20,33.51
2018.04.23,32.91
2018.04.24,32.59
2018.04.25,33.01
2018.04.26,33.27
2018.04.27,33.27
2018.04.30,32.69
2018.05.02,32.09
2018.05.03,31.18
2018.05.04,31.12
2018.05.07,31.08
2018.05.08,31.93
2018.05.09,33.27
2018.05.10,32.05
2018.05.11,31.9
2018.05.14,31.11
2018.05.15,30.26
2018.05.16,30.71
2018.05.17,29.28
2018.05.18,29.12
2018.05.21,28.43
2018.05.22,29.03
2018.05.23,28.4
2018.05.24,27.53
2018.05.25,26.96
2018.05.28,24.98
2018.05.29,25.54
2018.05.30,27.21
2018.06.01,27.47
2018.06.04,27.86
2018.06.05,26.09
2018.06.06,24.8
2018.06.07,23.8
2018.06.08,24.15
2018.06.11,23.35
2018.06.12,24.24
2018.06.13,23.8
2018.06.14,22.72
2018.06.15,22.45
2018.06.18,22.02
2018.06.19,23.57
2018.06.20,24.25
2018.06.21,23.36
2018.06.22,23.44
2018.06.25,24.12
2018.06.26,24.41
2018.06.27,23.91
2018.06.28,25.28
2018.06.29,25.73
2018.07.02,26.4
2018.07.03,26.63
2018.07.04,27.39
2018.07.05,26.76
2018.07.06,26.46
2018.07.10,26.24
2018.07.11,26.76
2018.07.12,27.27
2018.07.13,27.96
2018.07.16,27.65
2018.07.17,28.58
2018.07.18,28.4
2018.07.19,28.15
2018.07.20,29.64
2018.07.23,29.44
2018.07.24,29.68
2018.07.25,30.15
2018.07.26,29.17
2018.07.27,29.53
2018.07.30,29.54
2018.07.31,29.19
2018.08.01,29.61
2018.08.02,29.85
2018.08.03,30.74
2018.08.06,30.81
2018.08.07,30.15
2018.08.08,29.31
2018.08.09,30.18
2018.08.10,28.52
2018.08.13,28.65
2018.08.14,29.64
2018.08.15,29.01
2018.08.16,29.1
2018.08.17,28.08
2018.08.20,27.33
2018.08.21,26.24
2018.08.22,27.16
2018.08.23,26.47
2018.08.24,26.83
2018.08.27,27.65
2018.08.28,27.52
2018.08.29,28.14
2018.08.30,27.09
2018.08.31,27.25
2018.09.03,26.6
2018.09.04,25.93
2018.09.05,25.97
2018.09.06,26.55
2018.09.10,26.19
2018.09.11,25.0
2018.09.12,25.1
2018.09.13,24.77
2018.09.14,24.97
2018.09.17,25.82
2018.09.18,26.97
2018.09.19,26.7
2018.09.20,26.77
2018.09.21,27.75
2018.09.24,26.98
2018.09.25,26.82
2018.09.26,26.73
2018.09.27,27.49
2018.09.28,26.73
2018.10.01,25.6
2018.10.02,28.53
2018.10.03,31.11
2018.10.04,31.87
2018.10.05,32.44
2018.10.08,35.58
2018.10.09,35.4
2018.10.10,33.9
2018.10.11,33.76
2018.10.15,34.23
2018.10.16,35.73
2018.10.17,36.04
2018.10.18,35.62
2018.10.19,35.92
2018.10.22,36.17
2018.10.23,36.29
2018.10.24,35.49
2018.10.25,36.39
2018.10.26,38.5
2018.10.29,38.0
2018.10.30,39.12
2018.10.31,38.8
2018.11.01,39.37
2018.11.05,39.4
2018.11.06,38.55
2018.11.07,37.62
2018.11.08,36.85
2018.11.09,37.66
2018.11.12,38.28
2018.11.13,37.85
2018.11.14,37.91
2018.11.16,39.11
2018.11.19,40.02
2018.11.21,39.93
2018.11.22,40.67
2018.11.23,40.99
2018.11.26,40.27
2018.11.27,41.22
2018.11.28,41.87
2018.11.29,41.39
2018.11.30,40.84
2018.12.03,40.35
2018.12.04,39.95
2018.12.05,40.35
2018.12.06,40.6
2018.12.07,40.29
2018.12.10,39.11
2018.12.11,39.34
2018.12.12,39.43
2018.12.13,40.43
2018.12.14,40.45
2018.12.17,40.09
2018.12.18,40.18
2018.12.19,40.18
2018.12.20,40.43
2018.12.21,40.44
2018.12.26,40.71
2018.12.27,41.39
2018.12.28,42.64
2019.01.02,44.58
2019.01.03,44.76
2019.01.04,44.76
2019.01.07,44.47
2019.01.08,43.97
2019.01.09,43.85
2019.01.10,44.49
2019.01.11,44.67
2019.01.14,45.71
2019.01.15,45.18
2019.01.16,44.75
2019.01.17,44.91
2019.01.18,44.53
2019.01.21,44.3
2019.01.22,44.21
2019.01.23,45.13
2019.01.24,44.9
2019.01.28,44.32
2019.01.29,45.8
2019.01.30,46.4
2019.01.31,47.57
2019.02.01,47.8
2019.02.04,48.71
2019.02.05,50.13
2019.02.06,47.08
2019.02.07,47.39
2019.02.08,47.45
2019.02.11,46.05
2019.02.12,48.88
2019.02.13,47.77
2019.02.14,50.21
2019.02.15,50.28
2019.02.18,49.78
2019.02.19,49.99
2019.02.20,48.58
2019.02.21,48.8
2019.02.22,49.16
2019.02.25,48.36
2019.02.26,48.61
2019.02.27,48.06
2019.02.28,46.86
2019.03.01,47.51
2019.03.06,46.86
2019.03.07,46.7
2019.03.08,48.34
2019.03.11,49.82
2019.03.12,49.52
2019.03.13,50.28
2019.03.14,49.9
2019.03.15,50.32
2019.03.18,49.94
2019.03.19,48.88
2019.03.20,47.78
2019.03.21,46.78
2019.03.22,44.23
2019.03.25,44.55
2019.03.26,45.6
2019.03.27,43.07
2019.03.28,44.58
2019.03.29,45.23
2019.04.01,45.67
2019.04.02,45.27
2019.04.03,44.79
2019.04.04,45.33
2019.04.05,45.59
2019.04.08,45.66
2019.04.09,44.98
2019.04.10,45.31
2019.04.11,44.8
2019.04.12,43.38
2019.04.15,43.5
2019.04.16,44.4
2019.04.17,43.82
2019.04.18,45.35
2019.04.22,44.87
2019.04.23,45.78
2019.04.24,44.85
2019.04.25,45.58
2019.04.26,45.81
2019.04.29,45.83
2019.04.30,46.12
2019.05.02,46.22
2019.05.03,46.49
2019.05.06,45.83
2019.05.07,45.94
2019.05.08,46.96
2019.05.09,47.37
2019.05.10,46.56
2019.05.13,44.9
2019.05.14,44.47
2019.05.15,43.73
2019.05.16,42.37
2019.05.17,41.64
2019.05.20,43.23
2019.05.21,45.7
2019.05.22,45.65
2019.05.23,45.72
2019.05.24,46.4
2019.05.27,47.3
2019.05.28,47.92
2019.05.29,47.87
2019.05.30,48.58
2019.05.31,48.48
2019.06.03,48.71
2019.06.04,49.5
2019.06.05,48.14
2019.06.06,49.36
2019.06.07,48.96
2019.06.10,48.5
2019.06.11,49.46
2019.06.12,49.0
2019.06.13,48.22
2019.06.14,47.37
2019.06.17,47.32
2019.06.18,48.43
2019.06.19,49.22
2019.06.21,49.61
2019.06.24,49.73
2019.06.25,49.27
2019.06.26,50.34
2019.06.27,50.44
2019.06.28,50.57
2019.07.01,50.52
2019.07.02,49.87
2019.07.03,50.91
2019.07.04,51.74
2019.07.05,51.57
2019.07.08,51.52
2019.07.10,50.87
2019.07.11,49.88
2019.07.12,48.75
2019.07.15,48.46
2019.07.16,48.54
2019.07.17,48.55
2019.07.18,49.37
2019.07.19,48.75
2019.07.22,48.76
2019.07.23,48.19
2019.07.24,49.06
2019.07.25,46.99
2019.07.26,46.88
2019.07.29,47.3
2019.07.30,46.82
2019.07.31,46.15
2019.08.01,45.71
2019.08.02,45.72
2019.08.05,44.86
2019.08.06,45.47
2019.08.07,45.43
2019.08.08,45.75
2019.08.09,45.61
2019.08.12,44.07
2019.08.13,44.58
2019.08.14,43.03
2019.08.15,42.99
2019.08.16,42.88
2019.08.19,42.03
2019.08.20,41.99
2019.08.21,44.39
2019.08.22,44.09
2019.08.23,42.48
2019.08.26,42.29
2019.08.27,41.95
2019.08.28,41.6
2019.08.29,42.61
2019.08.30,43.7
2019.09.02,43.15
2019.09.03,42.34
2019.09.04,43.34
2019.09.05,44.86
2019.09.06,46.68
2019.09.09,47.26
2019.09.10,46.46
2019.09.11,45.36
2019.09.12,45.55
2019.09.13,44.74
2019.09.16,44.27
2019.09.17,44.89
2019.09.18,45.57
2019.09.19,44.39
2019.09.20,45.09
2019.09.23,44.87
2019.09.24,43.5
2019.09.25,43.22
2019.09.26,43.38
2019.09.27,43.03
2019.09.30,43.17
2019.10.01,42.66
2019.10.02,41.21
2019.10.03,42.98
2019.10.04,43.28
2019.10.07,41.57
2019.10.08,40.82
2019.10.09,41.95
2019.10.10,42.14
2019.10.11,42.92
2019.10.14,42.71
2019.10.15,42.12
2019.10.16,42.71
2019.10.17,42.62
2019.10.18,43.71
2019.10.21,44.04
2019.10.22,44.98
2019.10.23,45.17
2019.10.24,44.89
2019.10.25,45.3
2019.10.28,46.3
2019.10.29,46.18
2019.10.30,46.9
2019.10.31,45.7
2019.11.01,45.52
2019.11.04,45.26
2019.11.05,45.54
2019.11.06,45.24
2019.11.07,45.24
2019.11.08,44.6
2019.11.11,44.83
2019.11.12,44.34
2019.11.13,43.61
2019.11.14,44.14
2019.11.18,44.16
2019.11.19,43.96
2019.11.21,44.52
2019.11.22,45.18
2019.11.25,45.04
2019.11.26,44.46
2019.11.27,45.75
2019.11.28,46.0
2019.11.29,46.21
2019.12.02,45.84
2019.12.03,46.77
2019.12.04,47.44
2019.12.05,47.04
2019.12.06,46.84
2019.12.09,46.99
2019.12.10,46.31
2019.12.11,46.24
2019.12.12,47.42
2019.12.13,47.05
2019.12.16,46.41
2019.12.17,47.45
2019.12.18,49.09
2019.12.19,49.6
2019.12.20,49.5
2019.12.23,50.99
2019.12.26,51.58
2019.12.27,51.35
2019.12.30,51.21
2020.01.02,52.16
2020.01.03,52.07
2020.01.06,51.38
2020.01.07,50.99
2020.01.08,50.53
2020.01.09,49.5
2020.01.10,48.34
2020.01.13,48.88
2020.01.14,48.62
2020.01.15,47.73
2020.01.16,47.94
2020.01.17,48.59
2020.01.20,48.28
2020.01.21,46.88
2020.01.22,47.25
2020.01.23,49.91
2020.01.24,49.25
2020.01.27,48.76
2020.01.28,49.16
2020.01.29,47.95
2020.01.30,48.28
2020.01.31,47.06
2020.02.03,47.29
2020.02.04,46.78
2020.02.05,48.86
2020.02.06,48.04
2020.02.07,48.09
2020.02.10,47.61
2020.02.11,49.75
2020.02.12,50.04
2020.02.13,49.27
2020.02.14,48.33
2020.02.17,47.6
2020.02.18,48.06
2020.02.19,48.17
2020.02.20,47.68
2020.02.21,47.72
2020.02.26,44.18
2020.02.27,44.73
2020.02.28,45.78
2020.03.02,46.06
2020.03.03,44.71
2020.03.04,44.76
2020.03.05,42.11
2020.03.06,41.32
2020.03.09,36.76
2020.03.10,38.69
2020.03.11,35.35
2020.03.12,30.66
2020.03.13,35.8
2020.03.16,29.83
2020.03.17,31.27
2020.03.18,26.11
2020.03.19,25.09
2020.03.20,24.14
2020.03.23,21.71
2020.03.24,25.43
2020.03.25,28.48
2020.03.26,29.91
2020.03.27,27.71
2020.03.30,28.44
2020.03.31,27.36
2020.04.01,26.21
2020.04.02,26.51
2020.04.03,25.02
2020.04.06,27.33
2020.04.07,28.62
2020.04.08,29.17
2020.04.09,29.09
2020.04.13,29.67
2020.04.14,29.64
2020.04.15,29.09
2020.04.16,28.26
2020.04.17,29.02
2020.04.20,28.44
2020.04.22,28.31
2020.04.23,27.52
2020.04.24,23.84
2020.04.27,25.2
2020.04.28,28.59
2020.04.29,29.0
2020.04.30,27.96
2020.05.04,27.24
2020.05.05,27.27
2020.05.06,26.48
2020.05.07,25.76
2020.05.08,26.59
2020.05.11,26.75
2020.05.12,25.81
2020.05.13,25.07
2020.05.14,26.15
2020.05.15,25.66
2020.05.18,26.88
2020.05.19,26.16
2020.05.20,26.81
2020.05.21,28.71
2020.05.22,27.97
2020.05.25,30.9
2020.05.26,30.21
2020.05.27,30.32
2020.05.28,30.21
2020.05.29,30.26
2020.06.01,31.2
2020.06.02,32.2
2020.06.03,34.09
2020.06.04,34.28
2020.06.05,34.53
2020.06.08,35.7
2020.06.09,35.11
2020.06.10,33.56
2020.06.12,32.72
2020.06.15,32.45
2020.06.16,32.87
2020.06.17,33.85
2020.06.18,33.75
2020.06.19,33.3
2020.06.22,32.61
2020.06.23,32.9
2020.06.24,31.61
2020.06.25,32.39
2020.06.26,31.22
2020.06.29,32.81
2020.06.30,31.54
2020.07.01,32.45
2020.07.02,32.53
2020.07.03,32.87
2020.07.06,34.01
2020.07.07,32.65
2020.07.08,33.45
2020.07.09,33.32
2020.07.10,33.49
2020.07.13,33.16
2020.07.14,33.7
2020.07.15,34.03
2020.07.16,33.75
2020.07.17,34.79
2020.07.20,34.65
2020.07.21,34.82
2020.07.22,34.53
2020.07.23,33.7
2020.07.24,33.31
2020.07.27,34.25
2020.07.28,34.37
2020.07.29,35.27
2020.07.30,34.14
2020.07.31,32.95
2020.08.03,33.7
2020.08.04,32.67
2020.08.05,32.7
2020.08.06,33.7
2020.08.07,33.47
2020.08.10,33.78
2020.08.11,33.29
2020.08.12,33.11
2020.08.13,32.45
2020.08.14,32.55
2020.08.17,31.72
2020.08.18,32.15
2020.08.19,32.0
2020.08.20,32.03
2020.08.21,32.33
2020.08.24,33.2
2020.08.25,33.0
2020.08.26,32.2
2020.08.27,32.5
2020.08.28,33.14
2020.08.31,32.4
2020.09.01,32.96
2020.09.02,33.0
2020.09.03,33.51
2020.09.04,33.69
2020.09.08,33.01
2020.09.09,32.97
2020.09.10,32.28
2020.09.11,31.76
2020.09.14,32.2
2020.09.15,31.83
2020.09.16,31.93
2020.09.17,31.99
2020.09.18,31.19
2020.09.21,30.73
2020.09.22,30.67
2020.09.23,30.03
2020.09.24,30.27
2020.09.25,30.15
2020.09.28,30.36
2020.09.29,29.61
2020.09.30,29.47
2020.10.01,29.64
2020.10.02,29.56
2020.10.05,30.08
2020.10.06,29.88
2020.10.07,29.66
2020.10.08,31.1
2020.10.09,30.89
2020.10.13,30.9
2020.10.14,30.7
2020.10.15,30.91
2020.10.16,30.12
2020.10.19,30.45
2020.10.20,31.85
2020.10.21,32.09
2020.10.22,33.49
2020.10.23,33.37
2020.10.26,33.34
2020.10.27,32.62
2020.10.28,30.99
2020.10.29,30.81
2020.10.30,29.65
2020.11.03,29.95
2020.11.04,30.17
2020.11.05,30.54
2020.11.06,30.34
2020.11.09,32.54
2020.11.10,34.2
2020.11.11,33.99
2020.11.12,32.57
2020.11.13,32.89
2020.11.16,33.73
2020.11.17,34.2
2020.11.18,34.28
